[{"pos_x": 27.94, "pos_y": 2.54, "rotation": 90.0, "side": "top", "designator": "J1", "mpn": null, "pack": "PinSocket_1x08_P2.54mm_Vertical", "value": "Power", "mount_type": "tht", "place": true}, {"pos_x": 50.8, "pos_y": 2.54, "rotation": 90.0, "side": "top", "designator": "J3", "mpn": null, "pack": "PinSocket_1x06_P2.54mm_Vertical", "value": "Analog", "mount_type": "tht", "place": true}, {"pos_x": 18.796, "pos_y": 50.8, "rotation": 90.0, "side": "top", "designator": "J2", "mpn": null, "pack": "PinSocket_1x10_P2.54mm_Vertical", "value": "Digital/PWM", "mount_type": "tht", "place": true}, {"pos_x": 45.72, "pos_y": 50.8, "rotation": 90.0, "side": "top", "designator": "J4", "mpn": null, "pack": "PinSocket_1x08_P2.54mm_Vertical", "value": "Digital/PWM", "mount_type": "tht", "place": true}, {"pos_x": 80.35, "pos_y": 46.406, "rotation": 0.0, "side": "top", "designator": "LS1", "mpn": null, "pack": "Buzzer_12x9.5RM7.6", "value": "Speaker", "mount_type": "tht", "place": true}, {"pos_x": 56.637, "pos_y": 44.45, "rotation": -90.0, "side": "top", "designator": "R3", "mpn": null, "pack": "R_Axial_DIN0207_L6.3mm_D2.5mm_P10.16mm_Horizontal", "value": "330", "mount_type": "tht", "place": true}, {"pos_x": 67.813, "pos_y": 44.704, "rotation": -90.0, "side": "top", "designator": "R4", "mpn": null, "pack": "R_Axial_DIN0207_L6.3mm_D2.5mm_P10.16mm_Horizontal", "value": "330", "mount_type": "tht", "place": true}, {"pos_x": 12.827, "pos_y": 8.128, "rotation": 0.0, "side": "top", "designator": "R2", "mpn": null, "pack": "R_Axial_DIN0207_L6.3mm_D2.5mm_P10.16mm_Horizontal", "value": "10k", "mount_type": "tht", "place": true}, {"pos_x": 34.036, "pos_y": 19.518, "rotation": 0.0, "side": "top", "designator": "SW1", "mpn": null, "pack": "SW_PUSH-12mm", "value": "SW_Push", "mount_type": "tht", "place": true}, {"pos_x": 74.168, "pos_y": 39.624, "rotation": 180.0, "side": "top", "designator": "D2", "mpn": null, "pack": "LED_D5.0mm", "value": "LED", "mount_type": "tht", "place": true}, {"pos_x": 34.036, "pos_y": 8.128, "rotation": 0.0, "side": "top", "designator": "R1", "mpn": null, "pack": "R_Axial_DIN0207_L6.3mm_D2.5mm_P10.16mm_Horizontal", "value": "10k", "mount_type": "tht", "place": true}, {"pos_x": 68.148, "pos_y": 8.052, "rotation": 180.0, "side": "top", "designator": "R12", "mpn": null, "pack": "R_Axial_DIN0207_L6.3mm_D2.5mm_P10.16mm_Horizontal", "value": "100", "mount_type": "tht", "place": true}, {"pos_x": 68.148, "pos_y": 14.4528, "rotation": 180.0, "side": "top", "designator": "R10", "mpn": null, "pack": "R_Axial_DIN0207_L6.3mm_D2.5mm_P10.16mm_Horizontal", "value": "100", "mount_type": "tht", "place": true}, {"pos_x": 68.148, "pos_y": 21.006, "rotation": 180.0, "side": "top", "designator": "R8", "mpn": null, "pack": "R_Axial_DIN0207_L6.3mm_D2.5mm_P10.16mm_Horizontal", "value": "100", "mount_type": "tht", "place": true}, {"pos_x": 12.81, "pos_y": 19.518, "rotation": 0.0, "side": "top", "designator": "SW2", "mpn": null, "pack": "SW_PUSH-12mm", "value": "SW_Push", "mount_type": "tht", "place": true}, {"pos_x": 62.992, "pos_y": 39.37, "rotation": 180.0, "side": "top", "designator": "D1", "mpn": null, "pack": "LED_D5.0mm", "value": "LED", "mount_type": "tht", "place": true}, {"pos_x": 74.498, "pos_y": 31.42, "rotation": 180.0, "side": "top", "designator": "R5", "mpn": null, "pack": "R_Axial_DIN0207_L6.3mm_D2.5mm_P10.16mm_Horizontal", "value": "100", "mount_type": "tht", "place": true}, {"pos_x": 68.148, "pos_y": 24.308, "rotation": 180.0, "side": "top", "designator": "R7", "mpn": null, "pack": "R_Axial_DIN0207_L6.3mm_D2.5mm_P10.16mm_Horizontal", "value": "100", "mount_type": "tht", "place": true}, {"pos_x": 73.66, "pos_y": 26.416, "rotation": 0.0, "side": "top", "designator": "U2", "mpn": null, "pack": "DIP-16_W7.62mm_Socket_LongPads", "value": "74HC595", "mount_type": "tht", "place": true}, {"pos_x": 68.148, "pos_y": 11.227, "rotation": 180.0, "side": "top", "designator": "R11", "mpn": null, "pack": "R_Axial_DIN0207_L6.3mm_D2.5mm_P10.16mm_Horizontal", "value": "100", "mount_type": "tht", "place": true}, {"pos_x": 68.148, "pos_y": 27.61, "rotation": 180.0, "side": "top", "designator": "R6", "mpn": null, "pack": "R_Axial_DIN0207_L6.3mm_D2.5mm_P10.16mm_Horizontal", "value": "100", "mount_type": "tht", "place": true}, {"pos_x": 68.148, "pos_y": 17.704, "rotation": 180.0, "side": "top", "designator": "R9", "mpn": null, "pack": "R_Axial_DIN0207_L6.3mm_D2.5mm_P10.16mm_Horizontal", "value": "100", "mount_type": "tht", "place": true}, {"pos_x": 22.098, "pos_y": 29.21, "rotation": 90.0, "side": "top", "designator": "U1", "mpn": null, "pack": "CA56-12EWA", "value": "CA56-12EWA", "mount_type": "tht", "place": true}]