<?xml version="1.0" encoding="UTF-8"?>
<export version="E">
  <design>
    <source>C:\Users\jonmc\OneDrive - University of Denver\Desktop\EmbeddedFinal\EmbeddedFinal.kicad_sch</source>
    <date>6/1/2023 9:51:26 AM</date>
    <tool>Eeschema 7.0.1</tool>
    <sheet number="1" name="/" tstamps="/">
      <title_block>
        <title/>
        <company/>
        <rev/>
        <date/>
        <source>EmbeddedFinal.kicad_sch</source>
        <comment number="1" value=""/>
        <comment number="2" value=""/>
        <comment number="3" value=""/>
        <comment number="4" value=""/>
        <comment number="5" value=""/>
        <comment number="6" value=""/>
        <comment number="7" value=""/>
        <comment number="8" value=""/>
        <comment number="9" value=""/>
      </title_block>
    </sheet>
  </design>
  <components>
    <comp ref="H1">
      <value>MountingHole</value>
      <footprint>MountingHole:MountingHole_3.2mm_M3_Pad</footprint>
      <libsource lib="Mechanical" part="MountingHole" description="Mounting Hole without connection"/>
      <property name="Sheetname" value=""/>
      <property name="Sheetfile" value="EmbeddedFinal.kicad_sch"/>
      <property name="ki_description" value="Mounting Hole without connection"/>
      <property name="ki_keywords" value="mounting hole"/>
      <sheetpath names="/" tstamps="/"/>
      <tstamps>30241017-8ba9-4882-8881-d0ab9311809c</tstamps>
    </comp>
    <comp ref="H2">
      <value>MountingHole</value>
      <footprint>MountingHole:MountingHole_3.2mm_M3_Pad</footprint>
      <libsource lib="Mechanical" part="MountingHole" description="Mounting Hole without connection"/>
      <property name="Sheetname" value=""/>
      <property name="Sheetfile" value="EmbeddedFinal.kicad_sch"/>
      <property name="ki_description" value="Mounting Hole without connection"/>
      <property name="ki_keywords" value="mounting hole"/>
      <sheetpath names="/" tstamps="/"/>
      <tstamps>0c81ec2b-2c1e-4d7b-aeb4-c132cda7546b</tstamps>
    </comp>
    <comp ref="H3">
      <value>MountingHole</value>
      <footprint>MountingHole:MountingHole_3.2mm_M3_Pad</footprint>
      <libsource lib="Mechanical" part="MountingHole" description="Mounting Hole without connection"/>
      <property name="Sheetname" value=""/>
      <property name="Sheetfile" value="EmbeddedFinal.kicad_sch"/>
      <property name="ki_description" value="Mounting Hole without connection"/>
      <property name="ki_keywords" value="mounting hole"/>
      <sheetpath names="/" tstamps="/"/>
      <tstamps>8faffd2c-45a7-4157-be73-8a01d156cfa9</tstamps>
    </comp>
    <comp ref="H4">
      <value>MountingHole</value>
      <footprint>MountingHole:MountingHole_3.2mm_M3_Pad</footprint>
      <libsource lib="Mechanical" part="MountingHole" description="Mounting Hole without connection"/>
      <property name="Sheetname" value=""/>
      <property name="Sheetfile" value="EmbeddedFinal.kicad_sch"/>
      <property name="ki_description" value="Mounting Hole without connection"/>
      <property name="ki_keywords" value="mounting hole"/>
      <sheetpath names="/" tstamps="/"/>
      <tstamps>888dfc1a-6bc3-402d-9fd5-5052813fe246</tstamps>
    </comp>
    <comp ref="J1">
      <value>Discovery Board Conn 1</value>
      <footprint>Connector_PinSocket_2.54mm:PinSocket_2x25_P2.54mm_Vertical</footprint>
      <libsource lib="Connector_Generic" part="Conn_02x25_Odd_Even" description="Generic connector, double row, 02x25, odd/even pin numbering scheme (row 1 odd numbers, row 2 even numbers), script generated (kicad-library-utils/schlib/autogen/connector/)"/>
      <property name="Sheetname" value=""/>
      <property name="Sheetfile" value="EmbeddedFinal.kicad_sch"/>
      <property name="ki_description" value="Generic connector, double row, 02x25, odd/even pin numbering scheme (row 1 odd numbers, row 2 even numbers), script generated (kicad-library-utils/schlib/autogen/connector/)"/>
      <property name="ki_keywords" value="connector"/>
      <sheetpath names="/" tstamps="/"/>
      <tstamps>67708d5e-903d-4a3a-9190-9bbef810b336</tstamps>
    </comp>
    <comp ref="J2">
      <value>Discovery Board Conn 2</value>
      <footprint>Connector_PinSocket_2.54mm:PinSocket_2x25_P2.54mm_Vertical</footprint>
      <libsource lib="Connector_Generic" part="Conn_02x25_Odd_Even" description="Generic connector, double row, 02x25, odd/even pin numbering scheme (row 1 odd numbers, row 2 even numbers), script generated (kicad-library-utils/schlib/autogen/connector/)"/>
      <property name="Sheetname" value=""/>
      <property name="Sheetfile" value="EmbeddedFinal.kicad_sch"/>
      <property name="ki_description" value="Generic connector, double row, 02x25, odd/even pin numbering scheme (row 1 odd numbers, row 2 even numbers), script generated (kicad-library-utils/schlib/autogen/connector/)"/>
      <property name="ki_keywords" value="connector"/>
      <sheetpath names="/" tstamps="/"/>
      <tstamps>d6262b1e-8557-49da-af34-0f2cf645adea</tstamps>
    </comp>
    <comp ref="J3">
      <value>Pin Outs</value>
      <footprint>Connector_PinSocket_2.54mm:PinSocket_1x08_P2.54mm_Vertical</footprint>
      <libsource lib="Connector_Generic" part="Conn_01x08" description="Generic connector, single row, 01x08, script generated (kicad-library-utils/schlib/autogen/connector/)"/>
      <property name="Sheetname" value=""/>
      <property name="Sheetfile" value="EmbeddedFinal.kicad_sch"/>
      <property name="ki_description" value="Generic connector, single row, 01x08, script generated (kicad-library-utils/schlib/autogen/connector/)"/>
      <property name="ki_keywords" value="connector"/>
      <sheetpath names="/" tstamps="/"/>
      <tstamps>477a87ec-468a-4939-b9b7-ac0ac77996a4</tstamps>
    </comp>
    <comp ref="J4">
      <value>Analog</value>
      <footprint>Connector_PinSocket_2.54mm:PinSocket_1x06_P2.54mm_Vertical</footprint>
      <libsource lib="Connector_Generic" part="Conn_01x06" description="Generic connector, single row, 01x06, script generated (kicad-library-utils/schlib/autogen/connector/)"/>
      <property name="Sheetname" value=""/>
      <property name="Sheetfile" value="EmbeddedFinal.kicad_sch"/>
      <property name="ki_description" value="Generic connector, single row, 01x06, script generated (kicad-library-utils/schlib/autogen/connector/)"/>
      <property name="ki_keywords" value="connector"/>
      <sheetpath names="/" tstamps="/"/>
      <tstamps>5a81004c-d167-4858-9a19-63ca1b1a23e1</tstamps>
    </comp>
  </components>
  <libparts>
    <libpart lib="Connector_Generic" part="Conn_01x06">
      <description>Generic connector, single row, 01x06, script generated (kicad-library-utils/schlib/autogen/connector/)</description>
      <docs>~</docs>
      <footprints>
        <fp>Connector*:*_1x??_*</fp>
      </footprints>
      <fields>
        <field name="Reference">J</field>
        <field name="Value">Conn_01x06</field>
        <field name="Datasheet">~</field>
      </fields>
      <pins>
        <pin num="1" name="Pin_1" type="passive"/>
        <pin num="2" name="Pin_2" type="passive"/>
        <pin num="3" name="Pin_3" type="passive"/>
        <pin num="4" name="Pin_4" type="passive"/>
        <pin num="5" name="Pin_5" type="passive"/>
        <pin num="6" name="Pin_6" type="passive"/>
      </pins>
    </libpart>
    <libpart lib="Connector_Generic" part="Conn_01x08">
      <description>Generic connector, single row, 01x08, script generated (kicad-library-utils/schlib/autogen/connector/)</description>
      <docs>~</docs>
      <footprints>
        <fp>Connector*:*_1x??_*</fp>
      </footprints>
      <fields>
        <field name="Reference">J</field>
        <field name="Value">Conn_01x08</field>
        <field name="Datasheet">~</field>
      </fields>
      <pins>
        <pin num="1" name="Pin_1" type="passive"/>
        <pin num="2" name="Pin_2" type="passive"/>
        <pin num="3" name="Pin_3" type="passive"/>
        <pin num="4" name="Pin_4" type="passive"/>
        <pin num="5" name="Pin_5" type="passive"/>
        <pin num="6" name="Pin_6" type="passive"/>
        <pin num="7" name="Pin_7" type="passive"/>
        <pin num="8" name="Pin_8" type="passive"/>
      </pins>
    </libpart>
    <libpart lib="Connector_Generic" part="Conn_02x25_Odd_Even">
      <description>Generic connector, double row, 02x25, odd/even pin numbering scheme (row 1 odd numbers, row 2 even numbers), script generated (kicad-library-utils/schlib/autogen/connector/)</description>
      <docs>~</docs>
      <footprints>
        <fp>Connector*:*_2x??_*</fp>
      </footprints>
      <fields>
        <field name="Reference">J</field>
        <field name="Value">Conn_02x25_Odd_Even</field>
        <field name="Datasheet">~</field>
      </fields>
      <pins>
        <pin num="1" name="Pin_1" type="passive"/>
        <pin num="2" name="Pin_2" type="passive"/>
        <pin num="3" name="Pin_3" type="passive"/>
        <pin num="4" name="Pin_4" type="passive"/>
        <pin num="5" name="Pin_5" type="passive"/>
        <pin num="6" name="Pin_6" type="passive"/>
        <pin num="7" name="Pin_7" type="passive"/>
        <pin num="8" name="Pin_8" type="passive"/>
        <pin num="9" name="Pin_9" type="passive"/>
        <pin num="10" name="Pin_10" type="passive"/>
        <pin num="11" name="Pin_11" type="passive"/>
        <pin num="12" name="Pin_12" type="passive"/>
        <pin num="13" name="Pin_13" type="passive"/>
        <pin num="14" name="Pin_14" type="passive"/>
        <pin num="15" name="Pin_15" type="passive"/>
        <pin num="16" name="Pin_16" type="passive"/>
        <pin num="17" name="Pin_17" type="passive"/>
        <pin num="18" name="Pin_18" type="passive"/>
        <pin num="19" name="Pin_19" type="passive"/>
        <pin num="20" name="Pin_20" type="passive"/>
        <pin num="21" name="Pin_21" type="passive"/>
        <pin num="22" name="Pin_22" type="passive"/>
        <pin num="23" name="Pin_23" type="passive"/>
        <pin num="24" name="Pin_24" type="passive"/>
        <pin num="25" name="Pin_25" type="passive"/>
        <pin num="26" name="Pin_26" type="passive"/>
        <pin num="27" name="Pin_27" type="passive"/>
        <pin num="28" name="Pin_28" type="passive"/>
        <pin num="29" name="Pin_29" type="passive"/>
        <pin num="30" name="Pin_30" type="passive"/>
        <pin num="31" name="Pin_31" type="passive"/>
        <pin num="32" name="Pin_32" type="passive"/>
        <pin num="33" name="Pin_33" type="passive"/>
        <pin num="34" name="Pin_34" type="passive"/>
        <pin num="35" name="Pin_35" type="passive"/>
        <pin num="36" name="Pin_36" type="passive"/>
        <pin num="37" name="Pin_37" type="passive"/>
        <pin num="38" name="Pin_38" type="passive"/>
        <pin num="39" name="Pin_39" type="passive"/>
        <pin num="40" name="Pin_40" type="passive"/>
        <pin num="41" name="Pin_41" type="passive"/>
        <pin num="42" name="Pin_42" type="passive"/>
        <pin num="43" name="Pin_43" type="passive"/>
        <pin num="44" name="Pin_44" type="passive"/>
        <pin num="45" name="Pin_45" type="passive"/>
        <pin num="46" name="Pin_46" type="passive"/>
        <pin num="47" name="Pin_47" type="passive"/>
        <pin num="48" name="Pin_48" type="passive"/>
        <pin num="49" name="Pin_49" type="passive"/>
        <pin num="50" name="Pin_50" type="passive"/>
      </pins>
    </libpart>
    <libpart lib="Mechanical" part="MountingHole">
      <description>Mounting Hole without connection</description>
      <docs>~</docs>
      <footprints>
        <fp>MountingHole*</fp>
      </footprints>
      <fields>
        <field name="Reference">H</field>
        <field name="Value">MountingHole</field>
        <field name="Datasheet">~</field>
      </fields>
    </libpart>
  </libparts>
  <libraries>
    <library logical="Connector_Generic">
      <uri>C:\Program Files\KiCad\7.0\share\kicad\symbols\/Connector_Generic.kicad_sym</uri>
    </library>
    <library logical="Mechanical">
      <uri>C:\Program Files\KiCad\7.0\share\kicad\symbols\/Mechanical.kicad_sym</uri>
    </library>
  </libraries>
  <nets>
    <net code="1" name="+3V0">
      <node ref="J2" pin="5" pinfunction="Pin_5" pintype="passive"/>
      <node ref="J2" pin="6" pinfunction="Pin_6" pintype="passive"/>
      <node ref="J3" pin="1" pinfunction="Pin_1" pintype="passive"/>
    </net>
    <net code="2" name="+5V">
      <node ref="J2" pin="3" pinfunction="Pin_3" pintype="passive"/>
      <node ref="J2" pin="4" pinfunction="Pin_4" pintype="passive"/>
    </net>
    <net code="3" name="GND">
      <node ref="J1" pin="1" pinfunction="Pin_1" pintype="passive"/>
      <node ref="J1" pin="2" pinfunction="Pin_2" pintype="passive"/>
      <node ref="J1" pin="24" pinfunction="Pin_24" pintype="passive"/>
      <node ref="J1" pin="49" pinfunction="Pin_49" pintype="passive"/>
      <node ref="J1" pin="50" pinfunction="Pin_50" pintype="passive"/>
      <node ref="J1" pin="6" pinfunction="Pin_6" pintype="passive"/>
      <node ref="J2" pin="1" pinfunction="Pin_1" pintype="passive"/>
      <node ref="J2" pin="2" pinfunction="Pin_2" pintype="passive"/>
      <node ref="J2" pin="49" pinfunction="Pin_49" pintype="passive"/>
      <node ref="J2" pin="50" pinfunction="Pin_50" pintype="passive"/>
      <node ref="J3" pin="3" pinfunction="Pin_3" pintype="passive"/>
      <node ref="J4" pin="6" pinfunction="Pin_6" pintype="passive"/>
    </net>
    <net code="4" name="MISO">
      <node ref="J1" pin="17" pinfunction="Pin_17" pintype="passive"/>
      <node ref="J3" pin="5" pinfunction="Pin_5" pintype="passive"/>
    </net>
    <net code="5" name="MOSI">
      <node ref="J1" pin="18" pinfunction="Pin_18" pintype="passive"/>
      <node ref="J3" pin="6" pinfunction="Pin_6" pintype="passive"/>
    </net>
    <net code="6" name="RST">
      <node ref="J1" pin="14" pinfunction="Pin_14" pintype="passive"/>
      <node ref="J3" pin="2" pinfunction="Pin_2" pintype="passive"/>
    </net>
    <net code="7" name="Rx">
      <node ref="J2" pin="30" pinfunction="Pin_30" pintype="passive"/>
      <node ref="J4" pin="2" pinfunction="Pin_2" pintype="passive"/>
    </net>
    <net code="8" name="SCK">
      <node ref="J1" pin="16" pinfunction="Pin_16" pintype="passive"/>
      <node ref="J3" pin="7" pinfunction="Pin_7" pintype="passive"/>
    </net>
    <net code="9" name="SDA">
      <node ref="J1" pin="13" pinfunction="Pin_13" pintype="passive"/>
      <node ref="J3" pin="8" pinfunction="Pin_8" pintype="passive"/>
    </net>
    <net code="10" name="Tx">
      <node ref="J2" pin="29" pinfunction="Pin_29" pintype="passive"/>
      <node ref="J4" pin="3" pinfunction="Pin_3" pintype="passive"/>
    </net>
    <net code="11" name="unconnected-(J1-Pin_3-Pad3)">
      <node ref="J1" pin="3" pinfunction="Pin_3" pintype="passive+no_connect"/>
    </net>
    <net code="12" name="unconnected-(J1-Pin_4-Pad4)">
      <node ref="J1" pin="4" pinfunction="Pin_4" pintype="passive+no_connect"/>
    </net>
    <net code="13" name="unconnected-(J1-Pin_5-Pad5)">
      <node ref="J1" pin="5" pinfunction="Pin_5" pintype="passive+no_connect"/>
    </net>
    <net code="14" name="unconnected-(J1-Pin_7-Pad7)">
      <node ref="J1" pin="7" pinfunction="Pin_7" pintype="passive+no_connect"/>
    </net>
    <net code="15" name="unconnected-(J1-Pin_8-Pad8)">
      <node ref="J1" pin="8" pinfunction="Pin_8" pintype="passive+no_connect"/>
    </net>
    <net code="16" name="unconnected-(J1-Pin_9-Pad9)">
      <node ref="J1" pin="9" pinfunction="Pin_9" pintype="passive+no_connect"/>
    </net>
    <net code="17" name="unconnected-(J1-Pin_10-Pad10)">
      <node ref="J1" pin="10" pinfunction="Pin_10" pintype="passive+no_connect"/>
    </net>
    <net code="18" name="unconnected-(J1-Pin_11-Pad11)">
      <node ref="J1" pin="11" pinfunction="Pin_11" pintype="passive+no_connect"/>
    </net>
    <net code="19" name="unconnected-(J1-Pin_12-Pad12)">
      <node ref="J1" pin="12" pinfunction="Pin_12" pintype="passive+no_connect"/>
    </net>
    <net code="20" name="unconnected-(J1-Pin_15-Pad15)">
      <node ref="J1" pin="15" pinfunction="Pin_15" pintype="passive+no_connect"/>
    </net>
    <net code="21" name="unconnected-(J1-Pin_19-Pad19)">
      <node ref="J1" pin="19" pinfunction="Pin_19" pintype="passive+no_connect"/>
    </net>
    <net code="22" name="unconnected-(J1-Pin_20-Pad20)">
      <node ref="J1" pin="20" pinfunction="Pin_20" pintype="passive+no_connect"/>
    </net>
    <net code="23" name="unconnected-(J1-Pin_21-Pad21)">
      <node ref="J1" pin="21" pinfunction="Pin_21" pintype="passive+no_connect"/>
    </net>
    <net code="24" name="unconnected-(J1-Pin_22-Pad22)">
      <node ref="J1" pin="22" pinfunction="Pin_22" pintype="passive+no_connect"/>
    </net>
    <net code="25" name="unconnected-(J1-Pin_23-Pad23)">
      <node ref="J1" pin="23" pinfunction="Pin_23" pintype="passive+no_connect"/>
    </net>
    <net code="26" name="unconnected-(J1-Pin_25-Pad25)">
      <node ref="J1" pin="25" pinfunction="Pin_25" pintype="passive+no_connect"/>
    </net>
    <net code="27" name="unconnected-(J1-Pin_26-Pad26)">
      <node ref="J1" pin="26" pinfunction="Pin_26" pintype="passive+no_connect"/>
    </net>
    <net code="28" name="unconnected-(J1-Pin_27-Pad27)">
      <node ref="J1" pin="27" pinfunction="Pin_27" pintype="passive+no_connect"/>
    </net>
    <net code="29" name="unconnected-(J1-Pin_28-Pad28)">
      <node ref="J1" pin="28" pinfunction="Pin_28" pintype="passive+no_connect"/>
    </net>
    <net code="30" name="unconnected-(J1-Pin_29-Pad29)">
      <node ref="J1" pin="29" pinfunction="Pin_29" pintype="passive+no_connect"/>
    </net>
    <net code="31" name="unconnected-(J1-Pin_30-Pad30)">
      <node ref="J1" pin="30" pinfunction="Pin_30" pintype="passive+no_connect"/>
    </net>
    <net code="32" name="unconnected-(J1-Pin_31-Pad31)">
      <node ref="J1" pin="31" pinfunction="Pin_31" pintype="passive+no_connect"/>
    </net>
    <net code="33" name="unconnected-(J1-Pin_32-Pad32)">
      <node ref="J1" pin="32" pinfunction="Pin_32" pintype="passive+no_connect"/>
    </net>
    <net code="34" name="unconnected-(J1-Pin_33-Pad33)">
      <node ref="J1" pin="33" pinfunction="Pin_33" pintype="passive+no_connect"/>
    </net>
    <net code="35" name="unconnected-(J1-Pin_34-Pad34)">
      <node ref="J1" pin="34" pinfunction="Pin_34" pintype="passive+no_connect"/>
    </net>
    <net code="36" name="unconnected-(J1-Pin_35-Pad35)">
      <node ref="J1" pin="35" pinfunction="Pin_35" pintype="passive+no_connect"/>
    </net>
    <net code="37" name="unconnected-(J1-Pin_36-Pad36)">
      <node ref="J1" pin="36" pinfunction="Pin_36" pintype="passive+no_connect"/>
    </net>
    <net code="38" name="unconnected-(J1-Pin_37-Pad37)">
      <node ref="J1" pin="37" pinfunction="Pin_37" pintype="passive+no_connect"/>
    </net>
    <net code="39" name="unconnected-(J1-Pin_38-Pad38)">
      <node ref="J1" pin="38" pinfunction="Pin_38" pintype="passive+no_connect"/>
    </net>
    <net code="40" name="unconnected-(J1-Pin_39-Pad39)">
      <node ref="J1" pin="39" pinfunction="Pin_39" pintype="passive+no_connect"/>
    </net>
    <net code="41" name="unconnected-(J1-Pin_40-Pad40)">
      <node ref="J1" pin="40" pinfunction="Pin_40" pintype="passive+no_connect"/>
    </net>
    <net code="42" name="unconnected-(J1-Pin_41-Pad41)">
      <node ref="J1" pin="41" pinfunction="Pin_41" pintype="passive+no_connect"/>
    </net>
    <net code="43" name="unconnected-(J1-Pin_42-Pad42)">
      <node ref="J1" pin="42" pinfunction="Pin_42" pintype="passive+no_connect"/>
    </net>
    <net code="44" name="unconnected-(J1-Pin_43-Pad43)">
      <node ref="J1" pin="43" pinfunction="Pin_43" pintype="passive+no_connect"/>
    </net>
    <net code="45" name="unconnected-(J1-Pin_44-Pad44)">
      <node ref="J1" pin="44" pinfunction="Pin_44" pintype="passive+no_connect"/>
    </net>
    <net code="46" name="unconnected-(J1-Pin_45-Pad45)">
      <node ref="J1" pin="45" pinfunction="Pin_45" pintype="passive+no_connect"/>
    </net>
    <net code="47" name="unconnected-(J1-Pin_46-Pad46)">
      <node ref="J1" pin="46" pinfunction="Pin_46" pintype="passive+no_connect"/>
    </net>
    <net code="48" name="unconnected-(J1-Pin_47-Pad47)">
      <node ref="J1" pin="47" pinfunction="Pin_47" pintype="passive+no_connect"/>
    </net>
    <net code="49" name="unconnected-(J1-Pin_48-Pad48)">
      <node ref="J1" pin="48" pinfunction="Pin_48" pintype="passive+no_connect"/>
    </net>
    <net code="50" name="unconnected-(J2-Pin_7-Pad7)">
      <node ref="J2" pin="7" pinfunction="Pin_7" pintype="passive+no_connect"/>
    </net>
    <net code="51" name="unconnected-(J2-Pin_8-Pad8)">
      <node ref="J2" pin="8" pinfunction="Pin_8" pintype="passive+no_connect"/>
    </net>
    <net code="52" name="unconnected-(J2-Pin_9-Pad9)">
      <node ref="J2" pin="9" pinfunction="Pin_9" pintype="passive+no_connect"/>
    </net>
    <net code="53" name="unconnected-(J2-Pin_10-Pad10)">
      <node ref="J2" pin="10" pinfunction="Pin_10" pintype="passive+no_connect"/>
    </net>
    <net code="54" name="unconnected-(J2-Pin_11-Pad11)">
      <node ref="J2" pin="11" pinfunction="Pin_11" pintype="passive+no_connect"/>
    </net>
    <net code="55" name="unconnected-(J2-Pin_12-Pad12)">
      <node ref="J2" pin="12" pinfunction="Pin_12" pintype="passive+no_connect"/>
    </net>
    <net code="56" name="unconnected-(J2-Pin_13-Pad13)">
      <node ref="J2" pin="13" pinfunction="Pin_13" pintype="passive+no_connect"/>
    </net>
    <net code="57" name="unconnected-(J2-Pin_14-Pad14)">
      <node ref="J2" pin="14" pinfunction="Pin_14" pintype="passive+no_connect"/>
    </net>
    <net code="58" name="unconnected-(J2-Pin_15-Pad15)">
      <node ref="J2" pin="15" pinfunction="Pin_15" pintype="passive+no_connect"/>
    </net>
    <net code="59" name="unconnected-(J2-Pin_16-Pad16)">
      <node ref="J2" pin="16" pinfunction="Pin_16" pintype="passive+no_connect"/>
    </net>
    <net code="60" name="unconnected-(J2-Pin_17-Pad17)">
      <node ref="J2" pin="17" pinfunction="Pin_17" pintype="passive+no_connect"/>
    </net>
    <net code="61" name="unconnected-(J2-Pin_18-Pad18)">
      <node ref="J2" pin="18" pinfunction="Pin_18" pintype="passive+no_connect"/>
    </net>
    <net code="62" name="unconnected-(J2-Pin_19-Pad19)">
      <node ref="J2" pin="19" pinfunction="Pin_19" pintype="passive+no_connect"/>
    </net>
    <net code="63" name="unconnected-(J2-Pin_20-Pad20)">
      <node ref="J2" pin="20" pinfunction="Pin_20" pintype="passive+no_connect"/>
    </net>
    <net code="64" name="unconnected-(J2-Pin_21-Pad21)">
      <node ref="J2" pin="21" pinfunction="Pin_21" pintype="passive+no_connect"/>
    </net>
    <net code="65" name="unconnected-(J2-Pin_22-Pad22)">
      <node ref="J2" pin="22" pinfunction="Pin_22" pintype="passive+no_connect"/>
    </net>
    <net code="66" name="unconnected-(J2-Pin_23-Pad23)">
      <node ref="J2" pin="23" pinfunction="Pin_23" pintype="passive+no_connect"/>
    </net>
    <net code="67" name="unconnected-(J2-Pin_24-Pad24)">
      <node ref="J2" pin="24" pinfunction="Pin_24" pintype="passive+no_connect"/>
    </net>
    <net code="68" name="unconnected-(J2-Pin_25-Pad25)">
      <node ref="J2" pin="25" pinfunction="Pin_25" pintype="passive+no_connect"/>
    </net>
    <net code="69" name="unconnected-(J2-Pin_26-Pad26)">
      <node ref="J2" pin="26" pinfunction="Pin_26" pintype="passive+no_connect"/>
    </net>
    <net code="70" name="unconnected-(J2-Pin_27-Pad27)">
      <node ref="J2" pin="27" pinfunction="Pin_27" pintype="passive+no_connect"/>
    </net>
    <net code="71" name="unconnected-(J2-Pin_28-Pad28)">
      <node ref="J2" pin="28" pinfunction="Pin_28" pintype="passive+no_connect"/>
    </net>
    <net code="72" name="unconnected-(J2-Pin_31-Pad31)">
      <node ref="J2" pin="31" pinfunction="Pin_31" pintype="passive+no_connect"/>
    </net>
    <net code="73" name="unconnected-(J2-Pin_32-Pad32)">
      <node ref="J2" pin="32" pinfunction="Pin_32" pintype="passive+no_connect"/>
    </net>
    <net code="74" name="unconnected-(J2-Pin_33-Pad33)">
      <node ref="J2" pin="33" pinfunction="Pin_33" pintype="passive+no_connect"/>
    </net>
    <net code="75" name="unconnected-(J2-Pin_34-Pad34)">
      <node ref="J2" pin="34" pinfunction="Pin_34" pintype="passive+no_connect"/>
    </net>
    <net code="76" name="unconnected-(J2-Pin_35-Pad35)">
      <node ref="J2" pin="35" pinfunction="Pin_35" pintype="passive+no_connect"/>
    </net>
    <net code="77" name="unconnected-(J2-Pin_36-Pad36)">
      <node ref="J2" pin="36" pinfunction="Pin_36" pintype="passive+no_connect"/>
    </net>
    <net code="78" name="unconnected-(J2-Pin_37-Pad37)">
      <node ref="J2" pin="37" pinfunction="Pin_37" pintype="passive+no_connect"/>
    </net>
    <net code="79" name="unconnected-(J2-Pin_38-Pad38)">
      <node ref="J2" pin="38" pinfunction="Pin_38" pintype="passive+no_connect"/>
    </net>
    <net code="80" name="unconnected-(J2-Pin_39-Pad39)">
      <node ref="J2" pin="39" pinfunction="Pin_39" pintype="passive+no_connect"/>
    </net>
    <net code="81" name="unconnected-(J2-Pin_40-Pad40)">
      <node ref="J2" pin="40" pinfunction="Pin_40" pintype="passive+no_connect"/>
    </net>
    <net code="82" name="unconnected-(J2-Pin_41-Pad41)">
      <node ref="J2" pin="41" pinfunction="Pin_41" pintype="passive+no_connect"/>
    </net>
    <net code="83" name="unconnected-(J2-Pin_42-Pad42)">
      <node ref="J2" pin="42" pinfunction="Pin_42" pintype="passive+no_connect"/>
    </net>
    <net code="84" name="unconnected-(J2-Pin_43-Pad43)">
      <node ref="J2" pin="43" pinfunction="Pin_43" pintype="passive+no_connect"/>
    </net>
    <net code="85" name="unconnected-(J2-Pin_44-Pad44)">
      <node ref="J2" pin="44" pinfunction="Pin_44" pintype="passive+no_connect"/>
    </net>
    <net code="86" name="unconnected-(J2-Pin_45-Pad45)">
      <node ref="J2" pin="45" pinfunction="Pin_45" pintype="passive+no_connect"/>
    </net>
    <net code="87" name="unconnected-(J2-Pin_46-Pad46)">
      <node ref="J2" pin="46" pinfunction="Pin_46" pintype="passive+no_connect"/>
    </net>
    <net code="88" name="unconnected-(J2-Pin_47-Pad47)">
      <node ref="J2" pin="47" pinfunction="Pin_47" pintype="passive+no_connect"/>
    </net>
    <net code="89" name="unconnected-(J2-Pin_48-Pad48)">
      <node ref="J2" pin="48" pinfunction="Pin_48" pintype="passive+no_connect"/>
    </net>
    <net code="90" name="unconnected-(J3-Pin_4-Pad4)">
      <node ref="J3" pin="4" pinfunction="Pin_4" pintype="passive+no_connect"/>
    </net>
    <net code="91" name="unconnected-(J4-Pin_1-Pad1)">
      <node ref="J4" pin="1" pinfunction="Pin_1" pintype="passive+no_connect"/>
    </net>
    <net code="92" name="unconnected-(J4-Pin_4-Pad4)">
      <node ref="J4" pin="4" pinfunction="Pin_4" pintype="passive+no_connect"/>
    </net>
    <net code="93" name="unconnected-(J4-Pin_5-Pad5)">
      <node ref="J4" pin="5" pinfunction="Pin_5" pintype="passive+no_connect"/>
    </net>
  </nets>
</export>
